<?xml version="1.0" encoding="UTF-8"?>
<classpath>
	<classpathentry kind="src" path="src/main/java"/>
	<classpathentry kind="src" path="src/main/resources"/>
	<classpathentry kind="src" path="src/test/java"/>
	<classpathentry kind="con" path="org.eclipse.jdt.launching.JRE_CONTAINER">
		<attributes>
			<attribute name="maven.pomderived" value="true"/>
		</attributes>
	</classpathentry>
	<classpathentry kind="con" path="org.eclipse.m2e.MAVEN2_CLASSPATH_CONTAINER">
		<attributes>
			<attribute name="maven.pomderived" value="true"/>
			<attribute name="org.eclipse.jst.component.dependency" value="/WEB-INF/lib"/>
		</attributes>
	</classpathentry>
	<classpathentry kind="lib" path="C:/h2/bin/h2-1.3.176.jar"/>
	<classpathentry kind="lib" path="C:/apache-tomcat-8.0.35/lib/servlet-api.jar"/>
	<classpathentry kind="lib" path="C:/apache-tomcat-8.0.35/lib/jsp-api.jar"/>
	<classpathentry kind="output" path="target/classes"/>
</classpath>
